dataset,model,eval_metrics/MSE[mean],eval_metrics/MSE[0.5],eval_metrics/MAE[0.5],eval_metrics/MASE[0.5],eval_metrics/MAPE[0.5],eval_metrics/sMAPE[0.5],eval_metrics/MSIS,eval_metrics/RMSE[mean],eval_metrics/NRMSE[mean],eval_metrics/ND[0.5],eval_metrics/mean_weighted_sum_quantile_loss,domain,num_variates
solar/W/short,moirai_moe_small,14365485.781021899,12440701.197080292,3125.4247262773724,3.4624251220480646,0.7011744366945142,0.4976358923338562,94.92081714822942,3790.1828163060813,0.7736710720550946,0.6379773261077553,0.6289196374243679,Energy,1
bitbrains_fast_storage/H/short,morai_moe_small,9353389.46117266,6803454.771645717,626.8011635777875,2.4455223581626804,9.077384982774008,0.7385685527226808,41.90211342416106,3058.3311562309045,8.717237657376028,1.786587007000647,1.6362693309967833,Web/CloudOps,2
bizitobs_l2c/5T/short,morai_moe_small,181.54840029761905,239.6755580357143,12.794940476190476,1.2313005439469018,0.5255138665225549,0.6198730618626764,9.046545050253178,13.47398976909286,0.4627513472653294,0.4394300459629533,0.3370029021951557,Web/CloudOps,7
bitbrains_rnd/5T/short,morai_moe_small,2942598.8111200263,2431192.6412233915,287.46577234861,2.941353602095937,6.113579935919811,0.8265503978495432,70.02061213356687,1715.4004812637854,7.0189235328194135,1.176226949016167,1.0341135832708426,Web/CloudOps,2
bizitobs_l2c/H/short,morai_moe_small,236.65780009920636,234.53035094246033,11.87835208953373,1.1440407990088082,1.528141305315123,0.8332559572544778,10.957027155006559,15.383686167469952,0.829220169333972,0.6402736654833634,0.5295991011924224,Web/CloudOps,7
solar/10T/short,morai_moe_small,68.3523237910584,57.792173718826035,5.6968109650623475,2.514854834343104,4.915069339967878,1.6195079074449594,24.847456107309643,8.267546419044672,2.405028357980424,1.6572016928103255,1.4506320360762386,Energy,1
solar/H/short,morai_moe_small,3448.9557881931105,2785.5041698681007,43.0030502415082,3.3288134217637144,12.674835130734934,1.550864635178642,30.048648329705443,58.7278110284481,2.164726646678339,1.585106734203781,1.3680175050861665,Energy,1