dataset,model,eval_metrics/MSE[mean],eval_metrics/MSE[0.5],eval_metrics/MAE[0.5],eval_metrics/MASE[0.5],eval_metrics/MAPE[0.5],eval_metrics/sMAPE[0.5],eval_metrics/MSIS,eval_metrics/RMSE[mean],eval_metrics/NRMSE[mean],eval_metrics/ND[0.5],eval_metrics/mean_weighted_sum_quantile_loss,domain,num_variates
bizitobs_l2c/H/short,chronos_bolt_base,56.59242078993056,56.59242078993056,4.475569467695933,0.43226974353486386,0.39512740393622603,0.6075935953228688,2.8243551869035075,7.522793416672464,0.40549783136555867,0.24124465644031454,0.18900315264840753,Web/CloudOps,7
bizitobs_l2c/H/medium,chronos_bolt_base,74.00342261904763,74.00342261904763,4.9346540178571425,0.4952064222883976,0.4992526891357519,0.7555233879937694,6.702804440656395,8.60252420043371,0.5208959068201737,0.29880079609028215,0.25443033590646014,Web/CloudOps,7
bizitobs_l2c/H/long,chronos_bolt_base,77.46104910714286,77.46104910714286,5.131363544766865,0.5557105206908971,0.6086717785117655,0.7860787345386925,10.303877592284826,8.801195890737965,0.5376024468218877,0.3134384953415683,0.27763609436931386,Web/CloudOps,7
solar/W/short,chronos_bolt_base,1240030.715328467,1240030.715328467,898.2242244525547,0.979691492455115,0.20022635912373118,0.17852032501225326,6.657217830347052,1113.566664070215,0.22730679667733583,0.1833500209246751,0.13257860738174987,Energy,1